Ranking Keyword,Rank,Competitor Domain,Competitor URL,Page Title,Meta Description,H1,H2 Tags,Image ALT Notes,Main CTA Buttons,Estimated Intent,Suggested Keywords
wedding banquet hall design,1,aksharabanquets.com,https://aksharabanquets.com/banquet-hall-plan-guide/,Banquet Hall Planning Guide - Layouts & Designs,"Learn how to plan a banquet hall layout, interior design, seating, and structure. Expert guide by Akshara Banquet.",Complete banquet hall layout & planning guide,"layout planning; marriage hall plans; luxury wedding hall; booking","Banquet Hall Layout repeated","Contact; Book via WhatsApp",Informational / local venue,"banquet hall layout design; wedding hall planning; luxury banquet hall layout"
wedding banquet hall design,2,aarcoarchitects.com,https://aarcoarchitects.com/architecture/commercial/hospitality-architectural-designs/wedding-hall-architectural-designs/,Wedding Hall Architectural Designs - AARCO ARCHITECTS,,Wedding Hall Architectural Designs,,No ALT extracted,"Contact us; Project Management Consultancy",Commercial,"wedding hall architectural design; wedding hall design company"
wedding banquet hall design,3,coohom.com,https://www.coohom.com/in/article/banquet-hall-design-plan-5-expert-ideas,Banquet Hall Design Plan: Fix Cramped Layout & Flow,"Learn how to plan table spacing, guest circulation, stage view, and lighting so your banquet hall handles weddings and large events smoothly.","Banquet Hall Design Plan With 5 Expert Ideas That Actually Work","Direct answer; takeaways; flow; seating; lighting; stage; operations","Banquet hall layout, lighting, stage visuals","Start for Free; Contact Us",Informational / SaaS lead gen,"banquet hall design plan; banquet hall seating layout; banquet hall lighting design"
hotel ballroom design,4,nobili-design.com,https://nobili-design.com/restaurants-interior-design/1233-ballroom-interior-design,Ballroom interior Design. Hotel ballroom project concept,"Nobili team of designers introduces you to an incredible interior design project for a ballroom. This wonderful ballroom interior design is elegant, unique, luxurious and ready to greet its guests.",Ballroom Design,"Amazing Ballroom Design; Reviews",Restaurant/interior generic ALT,"Contact",Commercial,"hotel ballroom interior design; luxury ballroom design"
banquet hall construction,1,rudantaconstruction.com,https://www.rudantaconstruction.com/banquet-construction/,Expert Banquet Hall Construction | Rudanta Construction,"Build stunning, spacious, and functional banquet halls with Rudanta Construction. We deliver high-quality, customized tailored designs.",No H1 detected,"Banquet Construction Services; Transforming Visions into Grand Venues","Banquet hall and construction related ALT","Contact Us; Call Us; Get a Quotation",Transactional,"banquet hall construction company; banquet hall contractor"
banquet hall construction,3,dcbuilding.com,https://www.dcbuilding.com/weddings-event-venues/,Weddings & Event Venues - DC Builders,,Weddings & Event Venues,"Venue styles; Our services; Design schematic structural interior","Publisher/logo ALT","Request A Quote; Request A Catalog",Transactional,"wedding venue design and build; event venue builders"
banquet hall construction,4,mortonbuildings.com,https://mortonbuildings.com/projects/wedding-event-venue,Metal Wedding Venue & Barn Building | Steel Venue Builders,"Make your new event venue the most sought-after in your area with Morton Buildings. Learn about our custom, open floor plans and additional features now!",Wedding & Event Venue Buildings,"Recent projects; chapel; reception hall; event venue","Image filenames/generic ALT","Get Started; Contact Us",Transactional,"wedding venue building contractor; event venue construction"
banquet hall renovation,2,banquetart.com,https://www.banquetart.com/,Hire our Designers for Banquet Hall Renovations | BanquetArt,"Finding banquet hall too old to celebrate? We are here for you with the latest technology available in market, that is 3D projection mapping. Visualize spaces with variety of banquet hall themes. Renovate your hall with our team experienced for 18years.","Builder & Repair; Build Smart Buildings","Renovation of Banquet Halls; 3D Projection Mapping; Recent Works","Renovation of Interior","Get a Quote; Consultation",Transactional,"banquet hall renovation; banquet hall interior renovation"
turnkey banquet hall solution,1,sevenpillarswll.com,https://sevenpillarswll.com/portfolio/banquet-hall/,Banquet Hall - Turnkey Project - Seven Pillars W.L.L,"Banquet Hall - Turnkey Project. Scope as Main Contractor to deliver a turnkey project comprised of external works, civil engineering, full interior works, furniture, MEP, ELV, GRMS, BMS.",No H1 detected,"Banquet Hall - Turnkey Project; More Projects","Project / portfolio ALT","Contact Us; Get A Quote",Transactional / portfolio,"turnkey banquet hall project; banquet hall turnkey contractor"
turnkey banquet hall solution,2,benakacapital.com,https://www.benakacapital.com/turnkey-interior-design-services.html,Turnkey Interior Design Services - Banquet Hall Turnkey Interior Design Services,"Wholesaler / Distributor of Turnkey Interior Design Services - Banquet Hall Turnkey Interior Design Services, Turnkey Interior Design & Construction for Hotels & Resorts.",Turnkey Interior Design Services,"Banquet Hall Turnkey Interior Design Services; Hotels & Resorts; Institutions","Banquet Hall Turnkey Interior Design Services repeated","Contact Us; View All Services",Transactional,"banquet hall turnkey interior design; turnkey interior construction"
hotel ballroom renovation,3,cl3.com,https://www.cl3.com/nina-ballroom-lhotel-1,"Nina Ballroom, Nina Hotel Tsuen Wan West - CL3","Nina Ballroom is part of the renovation and rejuvenation of the Nina Tower.",Nina Ballroom Nina Hotel Tsuen Wan West,Project case page,"Descriptive project ALT and filenames","Contact",Commercial / case study,"hotel ballroom renovation case study; ballroom redesign"
luxury wedding hall design,3,farasaaz.com,https://farasaaz.com/portfolio/item/luxury-wedding-hall/,Not fetched,Not fetched,Not fetched,Fetch timed out,Not fetched,Not fetched,Commercial / portfolio,"luxury wedding hall design; wedding hall interior design"
