Title,Keyword,Intent,Slug,Cluster
"Banquet Hall Design Cost Guide: What Affects Budget in Overseas Projects","banquet hall design cost","Budget research before vendor inquiry","/blog/banquet-hall-design-cost-guide-what-affects-budget-in-overseas-projects","Project Budget, Planning and Delivery"
"How to Build a Banquet Hall: A Practical Step-by-Step Guide for Investors","how to build a banquet hall","First-time investor planning","/blog/how-to-build-a-banquet-hall-a-practical-step-by-step-guide-for-investors","Project Budget, Planning and Delivery"
"Turnkey Banquet Hall Solution: What Should Be Included Before You Sign","turnkey banquet hall solution","Vendor scope evaluation","/blog/turnkey-banquet-hall-solution-what-should-be-included-before-you-sign","Project Budget, Planning and Delivery"
"Banquet Hall EPC Solution vs Design-Build: Which Model Fits Your Project?","banquet hall EPC solution","Delivery model comparison","/blog/banquet-hall-epc-solution-vs-design-build-which-model-fits-your-project","Project Budget, Planning and Delivery"
"Banquet Hall Construction Timeline: From Concept Design to Opening Day","banquet hall construction timeline","Schedule planning","/blog/banquet-hall-construction-timeline-from-concept-design-to-opening-day","Project Budget, Planning and Delivery"
"How to Prepare a Banquet Hall Project Brief for a Design and Construction Supplier","banquet hall project brief","Supplier communication","/blog/how-to-prepare-a-banquet-hall-project-brief-for-a-design-and-construction-supplier","Project Budget, Planning and Delivery"
"Banquet Hall Procurement Checklist for Overseas Hotel and Wedding Venue Projects","banquet hall procurement checklist","Procurement planning","/blog/banquet-hall-procurement-checklist-for-overseas-hotel-and-wedding-venue-projects","Project Budget, Planning and Delivery"
"Banquet Hall Factory Testing and Shipment Inspection: What Buyers Should Check","banquet hall shipment inspection","Quality control before shipment","/blog/banquet-hall-factory-testing-and-shipment-inspection-what-buyers-should-check","Project Budget, Planning and Delivery"
"How to Compare Banquet Hall Design Companies for Overseas Projects","banquet hall design company","Vendor comparison","/blog/how-to-compare-banquet-hall-design-companies-for-overseas-projects","Project Budget, Planning and Delivery"
"Common Mistakes in Banquet Hall Projects and How to Avoid Costly Rework","banquet hall project mistakes","Risk reduction","/blog/common-mistakes-in-banquet-hall-projects-and-how-to-avoid-costly-rework","Project Budget, Planning and Delivery"
"Banquet Hall Quotation Guide: How to Read Scope, Materials and Exclusions","banquet hall quotation","Quotation comparison","/blog/banquet-hall-quotation-guide-how-to-read-scope-materials-and-exclusions","Project Budget, Planning and Delivery"
"Banquet Hall Design Proposal: What a Serious Supplier Should Provide","banquet hall design proposal","Proposal evaluation","/blog/banquet-hall-design-proposal-what-a-serious-supplier-should-provide","Project Budget, Planning and Delivery"
"Banquet Hall Project Budget Planning for Hotel and Wedding Venue Investors","banquet hall project budget","Investment planning","/blog/banquet-hall-project-budget-planning-for-hotel-and-wedding-venue-investors","Project Budget, Planning and Delivery"
"Banquet Hall Design and Construction Contract Checklist","banquet hall design and construction contract","Contract preparation","/blog/banquet-hall-design-and-construction-contract-checklist","Project Budget, Planning and Delivery"
"Banquet Hall Material Procurement: Local Purchase vs Overseas Supply","banquet hall material procurement","Procurement decision","/blog/banquet-hall-material-procurement-local-purchase-vs-overseas-supply","Project Budget, Planning and Delivery"
"Banquet Hall Installation Guide for Overseas Contractors","banquet hall installation guide","Installation preparation","/blog/banquet-hall-installation-guide-for-overseas-contractors","Project Budget, Planning and Delivery"
"Banquet Hall Project Management Checklist for Owners","banquet hall project management","Owner-side control","/blog/banquet-hall-project-management-checklist-for-owners","Project Budget, Planning and Delivery"
"Banquet Hall Tender Documents: What Buyers Should Prepare","banquet hall tender documents","Tender preparation","/blog/banquet-hall-tender-documents-what-buyers-should-prepare","Project Budget, Planning and Delivery"
"Banquet Hall Construction Quality Control: Site, Factory and Handover Checks","banquet hall construction quality control","Quality assurance","/blog/banquet-hall-construction-quality-control-site-factory-and-handover-checks","Project Budget, Planning and Delivery"
"Banquet Hall Shipping and Packing Guide for Custom Interior Materials","banquet hall shipping packing","Export logistics","/blog/banquet-hall-shipping-and-packing-guide-for-custom-interior-materials","Project Budget, Planning and Delivery"
"How to Reduce Risk in an Overseas Banquet Hall EPC Project","overseas banquet hall EPC project","Risk management","/blog/how-to-reduce-risk-in-an-overseas-banquet-hall-epc-project","Project Budget, Planning and Delivery"
"Banquet Hall Design Scope: Concept, Drawings, Materials and Site Support","banquet hall design scope","Scope definition","/blog/banquet-hall-design-scope-concept-drawings-materials-and-site-support","Project Budget, Planning and Delivery"
"Banquet Hall Renovation Planning Checklist Before Demolition Starts","banquet hall renovation planning","Renovation planning","/blog/banquet-hall-renovation-planning-checklist-before-demolition-starts","Project Budget, Planning and Delivery"
"Banquet Hall Opening Preparation: Design, Testing, Staff Flow and Maintenance","banquet hall opening preparation","Pre-opening planning","/blog/banquet-hall-opening-preparation-design-testing-staff-flow-and-maintenance","Project Budget, Planning and Delivery"
"Banquet Hall Supplier Audit Checklist for International Buyers","banquet hall supplier audit","Supplier verification","/blog/banquet-hall-supplier-audit-checklist-for-international-buyers","Project Budget, Planning and Delivery"
"Banquet Hall Payment Terms and Milestones for Overseas Projects","banquet hall payment terms","Commercial planning","/blog/banquet-hall-payment-terms-and-milestones-for-overseas-projects","Project Budget, Planning and Delivery"
"Banquet Hall Construction Drawings: What Owners Should Review","banquet hall construction drawings","Drawing review","/blog/banquet-hall-construction-drawings-what-owners-should-review","Project Budget, Planning and Delivery"
"Banquet Hall Shop Drawings and Mockups: Why They Matter Before Production","banquet hall shop drawings","Production preparation","/blog/banquet-hall-shop-drawings-and-mockups-why-they-matter-before-production","Project Budget, Planning and Delivery"
"Banquet Hall Site Measurement Checklist for Accurate Design","banquet hall site measurement","Site survey","/blog/banquet-hall-site-measurement-checklist-for-accurate-design","Project Budget, Planning and Delivery"
"Banquet Hall Project Communication: How to Work with Overseas Suppliers","banquet hall project communication","Collaboration process","/blog/banquet-hall-project-communication-how-to-work-with-overseas-suppliers","Project Budget, Planning and Delivery"
"Banquet Hall Warranty and After-Sales Support: What Buyers Should Ask","banquet hall warranty support","Post-delivery trust","/blog/banquet-hall-warranty-and-after-sales-support-what-buyers-should-ask","Project Budget, Planning and Delivery"
"Banquet Hall Material Sample Approval Guide for Owners","banquet hall material sample approval","Sample confirmation","/blog/banquet-hall-material-sample-approval-guide-for-owners","Project Budget, Planning and Delivery"
"Banquet Hall Import Documents and Packing List Planning","banquet hall import documents","Shipment documentation","/blog/banquet-hall-import-documents-and-packing-list-planning","Project Budget, Planning and Delivery"
"Banquet Hall Contractor Coordination: Local Team and Overseas Supplier Roles","banquet hall contractor coordination","Role definition","/blog/banquet-hall-contractor-coordination-local-team-and-overseas-supplier-roles","Project Budget, Planning and Delivery"
"Banquet Hall Handover Checklist for Owners and Operators","banquet hall handover checklist","Final acceptance","/blog/banquet-hall-handover-checklist-for-owners-and-operators","Project Budget, Planning and Delivery"
"Banquet Hall Value Engineering: How to Control Budget Without Losing Impact","banquet hall value engineering","Cost control","/blog/banquet-hall-value-engineering-how-to-control-budget-without-losing-impact","Project Budget, Planning and Delivery"
"Banquet Hall Project Feasibility Study for First-Time Investors","banquet hall feasibility study","Investment feasibility","/blog/banquet-hall-project-feasibility-study-for-first-time-investors","Project Budget, Planning and Delivery"
"Banquet Hall Design Approval Process: From Moodboard to Construction Package","banquet hall design approval process","Design workflow","/blog/banquet-hall-design-approval-process-from-moodboard-to-construction-package","Project Budget, Planning and Delivery"
"Banquet Hall Production Lead Time: Materials, Lighting, AV and Custom Parts","banquet hall production lead time","Lead-time planning","/blog/banquet-hall-production-lead-time-materials-lighting-av-and-custom-parts","Project Budget, Planning and Delivery"
"Banquet Hall International Project Checklist for Developers","international banquet hall project checklist","Developer planning","/blog/banquet-hall-international-project-checklist-for-developers","Project Budget, Planning and Delivery"
"Banquet Hall Layout Ideas: Stage, Seating, Service Flow and Guest Experience","banquet hall layout ideas","Layout solution research","/blog/banquet-hall-layout-ideas-stage-seating-service-flow-and-guest-experience","Design, Lighting, Layout and System Selection"
"Banquet Hall Ceiling Design Ideas: Lighting, Acoustic and MEP Coordination","banquet hall ceiling design","Design detail evaluation","/blog/banquet-hall-ceiling-design-ideas-lighting-acoustic-and-mep-coordination","Design, Lighting, Layout and System Selection"
"Wedding Hall Stage Design Ideas for Luxury Banquet Venues","wedding hall stage design","Stage and backdrop planning","/blog/wedding-hall-stage-design-ideas-for-luxury-banquet-venues","Design, Lighting, Layout and System Selection"
"Banquet Hall Lighting Design Guide: Scene Control, Chandeliers and LED Effects","banquet hall lighting design","Lighting system selection","/blog/banquet-hall-lighting-design-guide-scene-control-chandeliers-and-led-effects","Design, Lighting, Layout and System Selection"
"Banquet Hall Lighting and AV System Integration: A Buyer's Technical Guide","banquet hall lighting and AV system","Technical buying research","/blog/banquet-hall-lighting-and-av-system-integration-a-buyer-s-technical-guide","Design, Lighting, Layout and System Selection"
"Luxury Wedding Hall Design Ideas That Improve Booking Value","luxury wedding hall design ideas","Premium design inspiration with business intent","/blog/luxury-wedding-hall-design-ideas-that-improve-booking-value","Design, Lighting, Layout and System Selection"
"Hotel Ballroom Interior Design: How to Balance Weddings, Banquets and MICE Events","hotel ballroom interior design","Multi-use hotel design","/blog/hotel-ballroom-interior-design-how-to-balance-weddings-banquets-and-mice-events","Design, Lighting, Layout and System Selection"
"Banquet Hall Furniture, Materials and Finishes: How to Choose for Durability","banquet hall furniture materials","Material selection","/blog/banquet-hall-furniture-materials-and-finishes-how-to-choose-for-durability","Design, Lighting, Layout and System Selection"
"LED Screen, Sound and Smart Control Systems for Banquet Halls","banquet hall LED screen sound system","AV and smart system research","/blog/led-screen-sound-and-smart-control-systems-for-banquet-halls","Design, Lighting, Layout and System Selection"
"How to Design a Banquet Hall That Works for Weddings, Corporate Events and Conferences","multi function banquet hall design","Application scenario planning","/blog/how-to-design-a-banquet-hall-that-works-for-weddings-corporate-events-and-conferences","Design, Lighting, Layout and System Selection"
"Banquet Hall Entrance Design: First Impression, Guest Flow and Photo Value","banquet hall entrance design","Entrance planning","/blog/banquet-hall-entrance-design-first-impression-guest-flow-and-photo-value","Design, Lighting, Layout and System Selection"
"Banquet Hall Bridal Aisle Design for Luxury Wedding Ceremonies","banquet hall bridal aisle design","Wedding flow planning","/blog/banquet-hall-bridal-aisle-design-for-luxury-wedding-ceremonies","Design, Lighting, Layout and System Selection"
"Banquet Hall Backdrop Design: LED Wall, Floral Scene or Architectural Feature?","banquet hall backdrop design","Stage feature comparison","/blog/banquet-hall-backdrop-design-led-wall-floral-scene-or-architectural-feature","Design, Lighting, Layout and System Selection"
"Banquet Hall Chandelier Design: Size, Height, Maintenance and Visual Impact","banquet hall chandelier design","Lighting fixture selection","/blog/banquet-hall-chandelier-design-size-height-maintenance-and-visual-impact","Design, Lighting, Layout and System Selection"
"Banquet Hall Acoustic Design: Speech Clarity, Music and Reverberation Control","banquet hall acoustic design","Acoustic planning","/blog/banquet-hall-acoustic-design-speech-clarity-music-and-reverberation-control","Design, Lighting, Layout and System Selection"
"Banquet Hall Color Scheme Guide for Premium Wedding Venues","banquet hall color scheme","Style selection","/blog/banquet-hall-color-scheme-guide-for-premium-wedding-venues","Design, Lighting, Layout and System Selection"
"Banquet Hall Carpet and Flooring Guide for High-Traffic Event Spaces","banquet hall carpet flooring","Finish selection","/blog/banquet-hall-carpet-and-flooring-guide-for-high-traffic-event-spaces","Design, Lighting, Layout and System Selection"
"Banquet Hall Wall Panel Design: Materials, Lighting and Maintenance","banquet hall wall panel design","Wall system selection","/blog/banquet-hall-wall-panel-design-materials-lighting-and-maintenance","Design, Lighting, Layout and System Selection"
"Banquet Hall Movable Partition Design for Flexible Hotel Ballrooms","banquet hall movable partition","Flexible layout planning","/blog/banquet-hall-movable-partition-design-for-flexible-hotel-ballrooms","Design, Lighting, Layout and System Selection"
"Banquet Hall Table Layout Guide: Capacity, Service Flow and Sightlines","banquet hall table layout","Seating capacity planning","/blog/banquet-hall-table-layout-guide-capacity-service-flow-and-sightlines","Design, Lighting, Layout and System Selection"
"Banquet Hall Stage Lighting Scenes for Wedding, Dinner and Performance","banquet hall stage lighting scenes","Lighting scene planning","/blog/banquet-hall-stage-lighting-scenes-for-wedding-dinner-and-performance","Design, Lighting, Layout and System Selection"
"Banquet Hall LED Screen Size Guide: Viewing Distance and Stage Proportion","banquet hall LED screen size","LED specification research","/blog/banquet-hall-led-screen-size-guide-viewing-distance-and-stage-proportion","Design, Lighting, Layout and System Selection"
"Banquet Hall Sound System Design: Coverage, Control and Guest Comfort","banquet hall sound system design","Sound system selection","/blog/banquet-hall-sound-system-design-coverage-control-and-guest-comfort","Design, Lighting, Layout and System Selection"
"Banquet Hall Smart Control System: Lighting, AV and Scene Presets","banquet hall smart control system","Control system research","/blog/banquet-hall-smart-control-system-lighting-av-and-scene-presets","Design, Lighting, Layout and System Selection"
"Banquet Hall Fire Safety Coordination in Ceiling and Interior Design","banquet hall fire safety design","Safety coordination","/blog/banquet-hall-fire-safety-coordination-in-ceiling-and-interior-design","Design, Lighting, Layout and System Selection"
"Banquet Hall HVAC Coordination: Comfort, Ceiling Design and Noise Control","banquet hall HVAC coordination","MEP coordination","/blog/banquet-hall-hvac-coordination-comfort-ceiling-design-and-noise-control","Design, Lighting, Layout and System Selection"
"Banquet Hall Kitchen and Service Corridor Planning for Events","banquet hall service corridor planning","Operation planning","/blog/banquet-hall-kitchen-and-service-corridor-planning-for-events","Design, Lighting, Layout and System Selection"
"Banquet Hall Photo Zone Design for Wedding Venue Marketing","banquet hall photo zone design","Marketing scene design","/blog/banquet-hall-photo-zone-design-for-wedding-venue-marketing","Design, Lighting, Layout and System Selection"
"Banquet Hall Theme Design: Classic, Luxury Gold, Ocean and Technology Styles","banquet hall theme design","Theme selection","/blog/banquet-hall-theme-design-classic-luxury-gold-ocean-and-technology-styles","Design, Lighting, Layout and System Selection"
"Banquet Hall Lighting Fixture Specification for Overseas Buyers","banquet hall lighting fixture specification","Fixture specification","/blog/banquet-hall-lighting-fixture-specification-for-overseas-buyers","Design, Lighting, Layout and System Selection"
"Banquet Hall Decorative Metal Ceiling Guide for Luxury Projects","banquet hall decorative metal ceiling","Ceiling material research","/blog/banquet-hall-decorative-metal-ceiling-guide-for-luxury-projects","Design, Lighting, Layout and System Selection"
"Banquet Hall Mirror, Crystal and Glass Design: Where to Use and Avoid","banquet hall mirror crystal glass design","Material application","/blog/banquet-hall-mirror-crystal-and-glass-design-where-to-use-and-avoid","Design, Lighting, Layout and System Selection"
"Banquet Hall VIP Room and Pre-Function Area Design","banquet hall VIP room design","Support space planning","/blog/banquet-hall-vip-room-and-pre-function-area-design","Design, Lighting, Layout and System Selection"
"Banquet Hall Restroom and Guest Support Area Design Considerations","banquet hall restroom design","Guest experience planning","/blog/banquet-hall-restroom-and-guest-support-area-design-considerations","Design, Lighting, Layout and System Selection"
"Banquet Hall Lighting Control Testing Before Shipment","banquet hall lighting control testing","Factory testing","/blog/banquet-hall-lighting-control-testing-before-shipment","Design, Lighting, Layout and System Selection"
"Hotel Ballroom Renovation Cost Guide: Scope, Downtime and Upgrade Priorities","hotel ballroom renovation cost","Hotel renovation budgeting","/blog/hotel-ballroom-renovation-cost-guide-scope-downtime-and-upgrade-priorities","Renovation, Markets and Application Scenarios"
"How to Renovate an Old Ballroom Without Losing Event Revenue","how to renovate an old ballroom","Operational renovation planning","/blog/how-to-renovate-an-old-ballroom-without-losing-event-revenue","Renovation, Markets and Application Scenarios"
"Ballroom Renovation Contractor Checklist for Hotel Owners","ballroom renovation contractor","Contractor selection","/blog/ballroom-renovation-contractor-checklist-for-hotel-owners","Renovation, Markets and Application Scenarios"
"Banquet Hall Design Malaysia: What Overseas Investors Should Plan First","banquet hall design Malaysia","Country project research","/blog/banquet-hall-design-malaysia-what-overseas-investors-should-plan-first","Renovation, Markets and Application Scenarios"
"Wedding Venue Design Malaysia: Layout and Style Choices for Competitive Venues","wedding venue design Malaysia","Malaysia wedding venue planning","/blog/wedding-venue-design-malaysia-layout-and-style-choices-for-competitive-venues","Renovation, Markets and Application Scenarios"
"Banquet Hall Design UAE: Luxury Standards, Materials and Project Delivery","banquet hall design UAE","UAE project planning","/blog/banquet-hall-design-uae-luxury-standards-materials-and-project-delivery","Renovation, Markets and Application Scenarios"
"Wedding Hall Design Saudi Arabia: Planning Large-Capacity Luxury Venues","wedding hall design Saudi Arabia","Saudi venue investment research","/blog/wedding-hall-design-saudi-arabia-planning-large-capacity-luxury-venues","Renovation, Markets and Application Scenarios"
"Banquet Hall EPC Contractor Kazakhstan: Procurement and Delivery Considerations","banquet hall EPC contractor Kazakhstan","Central Asia EPC research","/blog/banquet-hall-epc-contractor-kazakhstan-procurement-and-delivery-considerations","Renovation, Markets and Application Scenarios"
"Wedding Hall Design Uzbekistan: How to Build a Memorable Venue Concept","wedding hall design Uzbekistan","Central Asia venue planning","/blog/wedding-hall-design-uzbekistan-how-to-build-a-memorable-venue-concept","Renovation, Markets and Application Scenarios"
"Banquet Hall Project Case Study Framework: How Buyers Should Read Renderings, Scope and Results","banquet hall project case study","Trust and project validation","/blog/banquet-hall-project-case-study-framework-how-buyers-should-read-renderings-scope-and-re","Renovation, Markets and Application Scenarios"
"Hotel Ballroom Renovation Malaysia: Upgrade Strategy for Older Hotels","hotel ballroom renovation Malaysia","Malaysia hotel upgrade","/blog/hotel-ballroom-renovation-malaysia-upgrade-strategy-for-older-hotels","Renovation, Markets and Application Scenarios"
"Wedding Hall Design UAE: Luxury Venue Planning for Premium Events","wedding hall design UAE","UAE wedding venue planning","/blog/wedding-hall-design-uae-luxury-venue-planning-for-premium-events","Renovation, Markets and Application Scenarios"
"Banquet Hall Construction UAE: Contractor and Material Supply Considerations","banquet hall construction UAE","UAE construction planning","/blog/banquet-hall-construction-uae-contractor-and-material-supply-considerations","Renovation, Markets and Application Scenarios"
"Banquet Hall Design Qatar: Hotel Ballroom and Event Venue Planning","banquet hall design Qatar","Qatar project planning","/blog/banquet-hall-design-qatar-hotel-ballroom-and-event-venue-planning","Renovation, Markets and Application Scenarios"
"Banquet Hall Design Kuwait: Luxury Wedding Venue and Hotel Ballroom Guide","banquet hall design Kuwait","Kuwait market planning","/blog/banquet-hall-design-kuwait-luxury-wedding-venue-and-hotel-ballroom-guide","Renovation, Markets and Application Scenarios"
"Banquet Hall Design Oman: Resort, Hotel and Wedding Venue Considerations","banquet hall design Oman","Oman market planning","/blog/banquet-hall-design-oman-resort-hotel-and-wedding-venue-considerations","Renovation, Markets and Application Scenarios"
"Banquet Hall Design Indonesia: Wedding Venue Investment Planning","banquet hall design Indonesia","Indonesia market planning","/blog/banquet-hall-design-indonesia-wedding-venue-investment-planning","Renovation, Markets and Application Scenarios"
"Banquet Hall Design Philippines: Event Venue Planning for Hotels and Investors","banquet hall design Philippines","Philippines market planning","/blog/banquet-hall-design-philippines-event-venue-planning-for-hotels-and-investors","Renovation, Markets and Application Scenarios"
"Banquet Hall Design Thailand: Hotel Ballroom and Wedding Venue Solutions","banquet hall design Thailand","Thailand market planning","/blog/banquet-hall-design-thailand-hotel-ballroom-and-wedding-venue-solutions","Renovation, Markets and Application Scenarios"
"Banquet Hall Design Vietnam: EPC and Procurement Planning for Investors","banquet hall design Vietnam","Vietnam project planning","/blog/banquet-hall-design-vietnam-epc-and-procurement-planning-for-investors","Renovation, Markets and Application Scenarios"
"Banquet Hall Design Cambodia: Wedding Hall and Event Center Planning","banquet hall design Cambodia","Cambodia market planning","/blog/banquet-hall-design-cambodia-wedding-hall-and-event-center-planning","Renovation, Markets and Application Scenarios"
"Banquet Hall Design Singapore: Premium Ballroom Renovation and Fit-Out","banquet hall design Singapore","Singapore renovation planning","/blog/banquet-hall-design-singapore-premium-ballroom-renovation-and-fit-out","Renovation, Markets and Application Scenarios"
"Banquet Hall Design Turkey: Wedding Venue and Event Hall Concept Guide","banquet hall design Turkey","Turkey market planning","/blog/banquet-hall-design-turkey-wedding-venue-and-event-hall-concept-guide","Renovation, Markets and Application Scenarios"
"Banquet Hall Design Azerbaijan: Luxury Wedding Hall Planning","banquet hall design Azerbaijan","Azerbaijan market planning","/blog/banquet-hall-design-azerbaijan-luxury-wedding-hall-planning","Renovation, Markets and Application Scenarios"
"Banquet Hall Design Georgia: Hotel Ballroom and Wedding Venue Guide","banquet hall design Georgia","Georgia market planning","/blog/banquet-hall-design-georgia-hotel-ballroom-and-wedding-venue-guide","Renovation, Markets and Application Scenarios"
"Banquet Hall Design Iraq: Wedding Hall EPC and Procurement Guide","banquet hall design Iraq","Iraq project planning","/blog/banquet-hall-design-iraq-wedding-hall-epc-and-procurement-guide","Renovation, Markets and Application Scenarios"
"Banquet Hall Design Pakistan: Wedding Venue Layout and Delivery Guide","banquet hall design Pakistan","Pakistan venue planning","/blog/banquet-hall-design-pakistan-wedding-venue-layout-and-delivery-guide","Renovation, Markets and Application Scenarios"
"Banquet Hall Design India: Luxury Wedding Hall and Hotel Ballroom Upgrade","banquet hall design India","India market planning","/blog/banquet-hall-design-india-luxury-wedding-hall-and-hotel-ballroom-upgrade","Renovation, Markets and Application Scenarios"
"Banquet Hall Design Bangladesh: Event Venue Construction Planning","banquet hall design Bangladesh","Bangladesh project planning","/blog/banquet-hall-design-bangladesh-event-venue-construction-planning","Renovation, Markets and Application Scenarios"
"Banquet Hall Design Kenya: Hotel Ballroom and Event Center Planning","banquet hall design Kenya","Kenya market planning","/blog/banquet-hall-design-kenya-hotel-ballroom-and-event-center-planning","Renovation, Markets and Application Scenarios"
"Banquet Hall Design Nigeria: Wedding Venue Investment and EPC Planning","banquet hall design Nigeria","Nigeria project planning","/blog/banquet-hall-design-nigeria-wedding-venue-investment-and-epc-planning","Renovation, Markets and Application Scenarios"
"Hotel Ballroom Renovation for Five-Star Hotels: Design and Operation Priorities","five star hotel ballroom renovation","Premium hotel renovation","/blog/hotel-ballroom-renovation-for-five-star-hotels-design-and-operation-priorities","Renovation, Markets and Application Scenarios"
"Wedding Venue Design for Resorts: Ceremony, Banquet and Photo Experience","resort wedding venue design","Resort application planning","/blog/wedding-venue-design-for-resorts-ceremony-banquet-and-photo-experience","Renovation, Markets and Application Scenarios"
"Event Center Design and Construction: Banquet, Conference and Launch Events","event center design and construction","Event center planning","/blog/event-center-design-and-construction-banquet-conference-and-launch-events","Renovation, Markets and Application Scenarios"
"Banquet Hall Renovation Case Study: From Outdated Ballroom to Premium Venue","banquet hall renovation case study","Renovation validation","/blog/banquet-hall-renovation-case-study-from-outdated-ballroom-to-premium-venue","Renovation, Markets and Application Scenarios"